form_id,lexeme,cell,source_form,orth_form,analysed_orth_form,phon_form,analysed_phon_form,variants_tag,overabundance_tag,analysis_tag,source,page,language_id
komkhoirentak001,no_stem,1.sg,kei,kei,kei,k ei,k ei,unspecified,,,Kanshouwa2025Khoirentak,nopage,komkhoirentak
komkhoirentak002,no_stem,1.pl.excl,keini,keini,kei+ni,k ei n i,k ei + n i,unspecified,,,Kanshouwa2025Khoirentak,nopage,komkhoirentak
komkhoirentak003,no_stem,1.pl.incl,eini,eini,ei+ni,ei n i,ei + n i,unspecified,,,Kanshouwa2025Khoirentak,nopage,komkhoirentak
komkhoirentak004,no_stem,2.sg,nang,nang,nang,n a ŋ,n a ŋ,unspecified,,,Kanshouwa2025Khoirentak,nopage,komkhoirentak
komkhoirentak005,no_stem,2.pl,nangni,nangni,nang+ni,n a ŋ n i,n a ŋ + n i,unspecified,,,Kanshouwa2025Khoirentak,nopage,komkhoirentak
komkhoirentak006,no_stem,3.sg,ama,ama,a+ma,a m a,a + m a,unspecified,,,Kanshouwa2025Khoirentak,nopage,komkhoirentak
komkhoirentak007,no_stem,3.pl,anmani,anmani,a+n+ma+ni,a n m a n i,a + n + m a + n i,unspecified,,,Kanshouwa2025Khoirentak,nopage,komkhoirentak
komkhoirentak008,se,1.sg.fut.aff,ka-se-sik-eng,ka-Σ-sik-eng,ka+Σ+sik+eng,k a Σ s i k e ŋ,k a + Σ + s i k + e ŋ,unspecified,,,Kanshouwa2026KhoirentakKom,nopage,komkhoirentak
komkhoirentak009,se,1.pl.excl.fut.aff,ka-se-sik-ung,ka-Σ-sik-ung,ka+Σ+sik+ung,k a Σ s i k u ŋ,k a + Σ + s i k + u ŋ,unspecified,,,Kanshouwa2026KhoirentakKom,nopage,komkhoirentak
komkhoirentak010,se,1.pl.incl.fut.aff,ka-se-sik-me,ka-Σ-sik-me,ka+Σ+sik+me,k a Σ s i k m e,k a + Σ + s i k + m e,unspecified,,,Kanshouwa2026KhoirentakKom,nopage,komkhoirentak
komkhoirentak011,hmu,1.sg.2.sg.fut.aff,ka-hmu-sik-che,ka-Σ-sik-che,ka+Σ+sik+che,k a Σ s i k tʃ e,k a + Σ + s i k + tʃ e,unspecified,,,Kanshouwa2026KhoirentakKom,nopage,komkhoirentak
komkhoirentak012,hmu,1.sg.2.pl.fut.aff,ka-hmu-sik-chui,ka-Σ-sik-chui,ka+Σ+sik+chui,k a Σ s i k tʃ ui,k a + Σ + s i k + tʃ ui,unspecified,,,Kanshouwa2026KhoirentakKom,nopage,komkhoirentak
komkhoirentak013,hmu,1.pl.excl.2.sg.fut.aff,kan-hmu-sik-che,kan-Σ-sik-che,ka+n+Σ+sik+che,k a n Σ s i k tʃ e,k a + n + Σ + s i k + tʃ e,unspecified,,,Kanshouwa2026KhoirentakKom,nopage,komkhoirentak
komkhoirentak014,hmu,1.pl.excl.2.pl.fut.aff,kan-hmu-sik-chui,kan-Σ-sik-chui,ka+n+Σ+sik+chui,k a n Σ s i k tʃ ui,k a + n + Σ + s i k + tʃ ui,unspecified,,,Kanshouwa2026KhoirentakKom,nopage,komkhoirentak
komkhoirentak015,hmu,1.sg.3.sg.fut.aff,ka-hmu-sik,ka-Σ-sik,ka+Σ+sik,k a Σ s i k,k a + Σ + s i k,unspecified,,,Kanshouwa2026KhoirentakKom,nopage,komkhoirentak
komkhoirentak016,hmu,1.sg.3.pl.fut.aff,ka-hmu-sik-hei,ka-Σ-sik-hei,ka+Σ+sik+hei,k a Σ s i k h ei,k a + Σ + s i k + h ei,unspecified,,,Kanshouwa2026KhoirentakKom,nopage,komkhoirentak
komkhoirentak017,hmu,1.pl.excl.3.sg.fut.aff,kan-hmu-sik,kan-Σ-sik,ka+n+Σ+sik,k a n Σ s i k,k a + n + Σ + s i k,unspecified,,,Kanshouwa2026KhoirentakKom,nopage,komkhoirentak
komkhoirentak018,hmu,1.pl.incl.3.sg.fut.aff,ni-hmu-sik,ni-Σ-sik,ni+Σ+sik,n i Σ s i k,n i + Σ + s i k,unspecified,,,Kanshouwa2026KhoirentakKom,nopage,komkhoirentak
komkhoirentak019,hmu,1.pl.excl.3.pl.fut.aff,kan-hmu-sik-hei,kan-Σ-sik-hei,ka+n+Σ+sik+hei,k a n Σ s i k h ei,k a + n + Σ + s i k + h ei,unspecified,,,Kanshouwa2026KhoirentakKom,nopage,komkhoirentak
komkhoirentak020,hmu,1.pl.incl.3.pl.fut.aff,ni-hmu-sik-hei,ni-Σ-sik-hei,ni+Σ+sik+hei,n i Σ s i k h ei,n i + Σ + s i k + h ei,unspecified,,,Kanshouwa2026KhoirentakKom,nopage,komkhoirentak
komkhoirentak021,se,2.sg.fut.aff,ka-se-che,ka-Σ-che,ka+Σ+che,k a Σ tʃ e,k a + Σ + tʃ e,unspecified,optional_future,,Kanshouwa2026KhoirentakKom,nopage,komkhoirentak
komkhoirentak022,se,2.sg.fut.aff,ka-se-sik-che,ka-Σ-sik-che,ka+Σ+sik+che,k a Σ s i k tʃ e,k a + Σ + s i k + tʃ e,unspecified,,,Kanshouwa2026KhoirentakKom,nopage,komkhoirentak
komkhoirentak023,se,2.pl.fut.aff,ka-se-sik-chui,ka-Σ-sik-chui,ka+Σ+sik+chui,k a Σ s i k tʃ ui,k a + Σ + s i k + tʃ ui,unspecified,,,Kanshouwa2026KhoirentakKom,nopage,komkhoirentak
komkhoirentak024,hmu,2.sg.1.sg.fut.aff,na-hmu-sik-eng,na-Σ-sik-eng,na+Σ+sik+eng,n a Σ s i k e ŋ,n a + Σ + s i k + e ŋ,unspecified,,,Kanshouwa2026KhoirentakKom,nopage,komkhoirentak
komkhoirentak025,hmu,2.sg.1.sg.fut.aff,nani-hmu-sik,nani-Σ-sik,na+ni+Σ+sik,n a n i Σ s i k,n a + n i + Σ + s i k,dialect_var,,,Kanshouwa2026KhoirentakKom,nopage,komkhoirentak
komkhoirentak026,hmu,2.sg.1.pl.excl.fut.aff,na-hmu-sik-ung,na-Σ-sik-ung,na+Σ+sik+ung,n a Σ s i k u ŋ,n a + Σ + s i k + u ŋ,unspecified,,,Kanshouwa2026KhoirentakKom,nopage,komkhoirentak
komkhoirentak027,hmu,2.pl.1.sg.fut.aff,nan-hmu-sik-eng,nan-Σ-sik-eng,na+n+Σ+sik+eng,n a n Σ s i k e ŋ,n a + n + Σ + s i k + e ŋ,unspecified,,,Kanshouwa2026KhoirentakKom,nopage,komkhoirentak
komkhoirentak028,hmu,2.pl.1.sg.fut.aff,nani-hmu-sik,nani-Σ-sik,na+ni+Σ+sik,n a n i Σ s i k,n a + n i + Σ + s i k,dialect_var,,,Kanshouwa2026KhoirentakKom,nopage,komkhoirentak
komkhoirentak029,hmu,2.pl.1.pl.excl.fut.aff,nan-hmu-sik-ung,nan-Σ-sik-ung,na+n+Σ+sik+ung,n a n Σ s i k u ŋ,n a + n + Σ + s i k + u ŋ,unspecified,,,Kanshouwa2026KhoirentakKom,nopage,komkhoirentak
komkhoirentak030,hmu,2.pl.1.pl.excl.fut.aff,nani-hmu-sik,nani-Σ-sik,na+ni+Σ+sik,n a n i Σ s i k,n a + n i + Σ + s i k,dialect_var,,,Kanshouwa2026KhoirentakKom,nopage,komkhoirentak
komkhoirentak031,hmu,2.sg.3.sg.fut.aff,na-hmu-sik,na-Σ-sik,na+Σ+sik,n a Σ s i k,n a + Σ + s i k,unspecified,,,Kanshouwa2026KhoirentakKom,nopage,komkhoirentak
komkhoirentak032,hmu,2.sg.3.pl.fut.aff,na-hmu-sik-hei,na-Σ-sik-hei,na+Σ+sik+hei,n a Σ s i k h ei,n a + Σ + s i k + h ei,unspecified,,,Kanshouwa2026KhoirentakKom,nopage,komkhoirentak
komkhoirentak033,hmu,2.pl.3.sg.fut.aff,nan-hmu-sik,nan-Σ-sik,na+n+Σ+sik,n a n Σ s i k,n a + n + Σ + s i k,unspecified,,,Kanshouwa2026KhoirentakKom,nopage,komkhoirentak
komkhoirentak034,hmu,2.pl.3.pl.fut.aff,nan-hmu-sik-hei,nan-Σ-sik-hei,na+n+Σ+sik+hei,n a n Σ s i k h ei,n a + n + Σ + s i k + h ei,unspecified,,,Kanshouwa2026KhoirentakKom,nopage,komkhoirentak
komkhoirentak035,hmu,2.pl.3.pl.fut.aff,nani-hmu-sik-hei,nani-Σ-sik-hei,na+ni+Σ+sik+hei,n a n i Σ s i k h ei,n a + n i + Σ + s i k + h ei,dialect_var,,,Kanshouwa2026KhoirentakKom,nopage,komkhoirentak
komkhoirentak036,se,3.sg.fut.aff,ka-se-sik,ka-Σ-sik,ka+Σ+sik,k a Σ s i k,k a + Σ + s i k,unspecified,,,Kanshouwa2026KhoirentakKom,nopage,komkhoirentak
komkhoirentak037,se,3.pl.fut.aff,ka-se-sik-hei,ka-Σ-sik-hei,ka+Σ+sik+hei,k a Σ s i k h ei,k a + Σ + s i k + h ei,unspecified,,,Kanshouwa2026KhoirentakKom,nopage,komkhoirentak
komkhoirentak038,hmu,3.sg.1.sg.fut.aff,a-hmu-sik-eng,a-Σ-sik-eng,a+Σ+sik+eng,a Σ s i k e ŋ,a + Σ + s i k + e ŋ,unspecified,,,Kanshouwa2026KhoirentakKom,nopage,komkhoirentak
komkhoirentak039,hmu,3.sg.1.sg.fut.aff,ani-hmu-sik,ani-Σ-sik,a+ni+Σ+sik,a n i Σ s i k,a + n i + Σ + s i k,dialect_var,,,Kanshouwa2026KhoirentakKom,nopage,komkhoirentak
komkhoirentak040,hmu,3.sg.1.pl.excl.fut.aff,a-hmu-sik-ung,a-Σ-sik-ung,a+Σ+sik+ung,a Σ s i k u ŋ,a + Σ + s i k + u ŋ,unspecified,,,Kanshouwa2026KhoirentakKom,nopage,komkhoirentak
komkhoirentak041,hmu,3.sg.1.pl.excl.fut.aff,ani-hmu-sik,ani-Σ-sik,a+ni+Σ+sik,a n i Σ s i k,a + n i + Σ + s i k,dialect_var,,,Kanshouwa2026KhoirentakKom,nopage,komkhoirentak
komkhoirentak042,hmu,3.sg.1.pl.incl.fut.aff,ei-hmu-sik-me,ei-Σ-sik-me,ei+Σ+sik+me,ei Σ s i k m e,ei + Σ + s i k + m e,dialect_var,,,Kanshouwa2026KhoirentakKom,nopage,komkhoirentak
komkhoirentak043,hmu,3.sg.1.pl.incl.fut.aff,a-hmu-sik-me,a-Σ-sik-me,a+Σ+sik+me,a Σ s i k m e,a + Σ + s i k + m e,unspecified,,,Kanshouwa2026KhoirentakKom,nopage,komkhoirentak
komkhoirentak044,hmu,3.sg.1.pl.incl.fut.aff,ani-hmu-sik,ani-Σ-sik,a+ni+Σ+sik,a n i Σ s i k,a + n i + Σ + s i k,dialect_var,,,Kanshouwa2026KhoirentakKom,nopage,komkhoirentak
komkhoirentak045,hmu,3.pl.1.sg.fut.aff,an-hmu-sik-eng,an-Σ-sik-eng,a+n+Σ+sik+eng,a n Σ s i k e ŋ,a + n + Σ + s i k + e ŋ,unspecified,,,Kanshouwa2026KhoirentakKom,nopage,komkhoirentak
komkhoirentak046,hmu,3.pl.1.sg.fut.aff,ani-hmu-sik,ani-Σ-sik,a+ni+Σ+sik,a n i Σ s i k,a + n i + Σ + s i k,dialect_var,,,Kanshouwa2026KhoirentakKom,nopage,komkhoirentak
komkhoirentak047,hmu,3.pl.1.pl.excl.fut.aff,an-hmu-sik-ung,an-Σ-sik-ung,a+n+Σ+sik+ung,a n Σ s i k u ŋ,a + n + Σ + s i k + u ŋ,unspecified,,,Kanshouwa2026KhoirentakKom,nopage,komkhoirentak
komkhoirentak048,hmu,3.pl.1.pl.excl.fut.aff,ani-hmu-sik,ani-Σ-sik,a+ni+Σ+sik,a n i Σ s i k,a + n i + Σ + s i k,dialect_var,,,Kanshouwa2026KhoirentakKom,nopage,komkhoirentak
komkhoirentak049,hmu,3.pl.1.pl.incl.fut.aff,ani-hmu-sik,ani-Σ-sik,a+ni+Σ+sik,a n i Σ s i k,a + n i + Σ + s i k,dialect_var,,,Kanshouwa2026KhoirentakKom,nopage,komkhoirentak
komkhoirentak050,hmu,3.pl.1.pl.incl.fut.aff,an-hmu-sik-me,an-Σ-sik-me,a+n+Σ+sik+me,a n Σ s i k m e,a + n + Σ + s i k + m e,unspecified,,,Kanshouwa2026KhoirentakKom,nopage,komkhoirentak
komkhoirentak051,hmu,3.sg.2.sg.fut.aff,a-hmu-sik-che,a-Σ-sik-che,a+Σ+sik+che,a Σ s i k tʃ e,a + Σ + s i k + tʃ e,unspecified,,,Kanshouwa2026KhoirentakKom,nopage,komkhoirentak
komkhoirentak052,hmu,3.sg.2.pl.fut.aff,a-hmu-sik-chui,a-Σ-sik-chui,a+Σ+sik+chui,a Σ s i k tʃ ui,a + Σ + s i k + tʃ ui,unspecified,,,Kanshouwa2026KhoirentakKom,nopage,komkhoirentak
komkhoirentak053,hmu,3.pl.2.sg.fut.aff,an-hmu-sik-che,an-Σ-sik-che,a+n+Σ+sik+che,a n Σ s i k tʃ e,a + n + Σ + s i k + tʃ e,unspecified,,,Kanshouwa2026KhoirentakKom,nopage,komkhoirentak
komkhoirentak054,hmu,3.pl.2.pl.fut.aff,an-hmu-sik-chui,an-Σ-sik-chui,a+n+Σ+sik+chui,a n Σ s i k tʃ ui,a + n + Σ + s i k + tʃ ui,unspecified,,,Kanshouwa2026KhoirentakKom,nopage,komkhoirentak
komkhoirentak055,hmu,3.sg.3.sg.fut.aff,a-hmu-sik,a-Σ-sik,a+Σ+sik,a Σ s i k,a + Σ + s i k,unspecified,,,Kanshouwa2026KhoirentakKom,nopage,komkhoirentak
komkhoirentak056,hmu,3.sg.3.pl.fut.aff,a-hmu-sik-hei,a-Σ-sik-hei,a+Σ+sik+hei,a Σ s i k h ei,a + Σ + s i k + h ei,unspecified,,,Kanshouwa2026KhoirentakKom,nopage,komkhoirentak
komkhoirentak057,hmu,3.pl.3.sg.fut.aff,an-hmu-sik,an-Σ-sik,a+n+Σ+sik,a n Σ s i k,a + n + Σ + s i k,unspecified,,,Kanshouwa2026KhoirentakKom,nopage,komkhoirentak
komkhoirentak058,hmu,3.pl.3.pl.fut.aff,an-hmu-sik-hei,an-Σ-sik-hei,a+n+Σ+sik+hei,a n Σ s i k h ei,a + n + Σ + s i k + h ei,unspecified,,,Kanshouwa2026KhoirentakKom,nopage,komkhoirentak
komkhoirentak059,se,1.sg.fut.neg,se-mak-ning,Σ-mak-ning,Σ+mak+n+ing,Σ m a k n i ŋ,Σ + m a k + n + i ŋ,unspecified,,,Kanshouwa2026KhoirentakKom,nopage,komkhoirentak
komkhoirentak060,se,1.pl.excl.fut.neg,se-mak-nung,Σ-mak-nung,Σ+mak+n+ung,Σ m a k n u ŋ,Σ + m a k + n + u ŋ,unspecified,,,Kanshouwa2026KhoirentakKom,nopage,komkhoirentak
komkhoirentak061,se,1.pl.incl.fut.neg,se-mak-min,Σ-mak-min,Σ+mak+mi+n,Σ m a k m i n,Σ + m a k + m i + n,unspecified,,,Kanshouwa2026KhoirentakKom,nopage,komkhoirentak
komkhoirentak062,hmu,1.sg.2.sg.fut.neg,hmu-mak-che-ning,Σ-mak-che-ning,Σ+mak+che+n+ing,Σ m a k tʃ e n i ŋ,Σ + m a k + tʃ e + n + i ŋ,unspecified,,,Kanshouwa2026KhoirentakKom,nopage,komkhoirentak
komkhoirentak063,hmu,1.sg.2.pl.fut.neg,hmu-mak-chui-ning,Σ-mak-chui-ning,Σ+mak+chui+n+ing,Σ m a k tʃ ui n i ŋ,Σ + m a k + tʃ ui + n + i ŋ,unspecified,,,Kanshouwa2026KhoirentakKom,nopage,komkhoirentak
komkhoirentak064,hmu,1.sg.3.pl.fut.neg,hmu-mak-hei-ning,Σ-mak-hei-ning,Σ+mak+hei+n+ing,Σ m a k h ei n i ŋ,Σ + m a k + h ei + n + i ŋ,unspecified,,,Kanshouwa2026KhoirentakKom,nopage,komkhoirentak
komkhoirentak065,hmu,1.pl.excl.2.sg.fut.neg,hmu-mak-che-ning-ung,Σ-mak-che-ning-ung,Σ+mak+che+n+ing+ung,Σ m a k tʃ e n i ŋ u ŋ,Σ + m a k + tʃ e + n + i ŋ + u ŋ,formal,,mult_exponence,Kanshouwa2026KhoirentakKom,nopage,komkhoirentak
komkhoirentak066,hmu,1.pl.excl.2.sg.fut.neg,hmu-mak-che-nung,Σ-mak-che-nung,Σ+mak+che+n+ung,Σ m a k tʃ e n u ŋ,Σ + m a k + tʃ e + n + u ŋ,informal,,,Kanshouwa2026KhoirentakKom,nopage,komkhoirentak
komkhoirentak067,hmu,1.pl.excl.2.pl.fut.neg,hmu-mak-chui-nung,Σ-mak-chui-nung,Σ+mak+chui+n+ung,Σ m a k tʃ ui n u ŋ,Σ + m a k + tʃ ui + n + u ŋ,informal,,fusion,Kanshouwa2026KhoirentakKom,nopage,komkhoirentak
komkhoirentak068,hmu,1.pl.excl.2.pl.fut.neg,hmu-mak-chui-ning-ung,Σ-mak-chui-ning-ung,Σ+mak+chui+n+ing+ung,Σ m a k tʃ ui n i ŋ u ŋ,Σ + m a k + tʃ ui + n + i ŋ + u ŋ,formal,,mult_exponence,Kanshouwa2026KhoirentakKom,nopage,komkhoirentak
komkhoirentak069,hmu,1.sg.3.sg.fut.neg,hmu-mak-ning,Σ-mak-ning,Σ+mak+n+ing,Σ m a k n i ŋ,Σ + m a k + n + i ŋ,unspecified,,,Kanshouwa2026KhoirentakKom,nopage,komkhoirentak
komkhoirentak070,hmu,1.pl.excl.3.sg.fut.neg,hmu-mak-nung,Σ-mak-nung,Σ+mak+n+ung,Σ m a k n u ŋ,Σ + m a k + n + u ŋ,informal,,fusion,Kanshouwa2026KhoirentakKom,nopage,komkhoirentak
komkhoirentak071,hmu,1.pl.excl.3.sg.fut.neg,hmu-mak-ning-ung,Σ-mak-ning-ung,Σ+mak+n+ing+ung,Σ m a k n i ŋ u ŋ,Σ + m a k + n + i ŋ + u ŋ,formal,,mult_exponence,Kanshouwa2026KhoirentakKom,nopage,komkhoirentak
komkhoirentak072,hmu,1.pl.incl.3.sg.fut.neg,hmu-mak-min,Σ-mak-min,Σ+mak+mi+n,Σ m a k m i n,Σ + m a k + m i + n,unspecified,,,Kanshouwa2026KhoirentakKom,nopage,komkhoirentak
komkhoirentak073,hmu,1.pl.excl.3.pl.fut.neg,hmu-mak-hei-ning-ung,Σ-mak-hei-ning-ung,Σ+mak+hei+n+ing+ung,Σ m a k h ei n i ŋ u ŋ,Σ + m a k + h ei + n + i ŋ + u ŋ,formal,,mult_exponence,Kanshouwa2026KhoirentakKom,nopage,komkhoirentak
komkhoirentak074,hmu,1.pl.excl.3.pl.fut.neg,hmu-mak-hei-nung,Σ-mak-hei-nung,Σ+mak+hei+n+ung,Σ m a k h ei n u ŋ,Σ + m a k + h ei + n + u ŋ,informal,,,Kanshouwa2026KhoirentakKom,nopage,komkhoirentak
komkhoirentak075,hmu,1.pl.incl.3.pl.fut.neg,hmu-mak-hei-min,Σ-mak-hei-min,Σ+mak+hei+mi+n,Σ m a k h ei m i n,Σ + m a k + h ei + m i + n,unspecified,,,Kanshouwa2026KhoirentakKom,nopage,komkhoirentak
komkhoirentak076,se,2.sg.fut.neg,se-mak-tin,Σ-mak-tin,Σ+mak+ti+n,Σ m a k t i n,Σ + m a k + t i + n,informal,,fusion,Kanshouwa2026KhoirentakKom,nopage,komkhoirentak
komkhoirentak077,se,2.sg.fut.neg,se-mak-tin-che,Σ-mak-tin-che,Σ+mak+ti+n+che,Σ m a k t i n tʃ e,Σ + m a k + t i + n + tʃ e,formal,,mult_exponence,Kanshouwa2026KhoirentakKom,nopage,komkhoirentak
komkhoirentak078,se,2.pl.fut.neg,se-mak-tun,Σ-mak-tun,Σ+mak+tu+n,Σ m a k t u n,Σ + m a k + t u + n,informal,,fusion,Kanshouwa2026KhoirentakKom,nopage,komkhoirentak
komkhoirentak079,se,2.pl.fut.neg,se-mak-tin-chui,Σ-mak-tin-chui,Σ+mak+ti+n+chui,Σ m a k t i n tʃ ui,Σ + m a k + t i + n + tʃ ui,formal,,mult_exponence,Kanshouwa2026KhoirentakKom,nopage,komkhoirentak
komkhoirentak080,hmu,2.sg.1.sg.fut.neg,a-hmu-mak-tin,a-Σ-mak-tin,a+Σ+mak+ti+n,a Σ m a k t i n,a + Σ + m a k + t i + n,unspecified,,,Kanshouwa2026KhoirentakKom,nopage,komkhoirentak
komkhoirentak081,hmu,2.sg.1.sg.fut.neg,ei-hmu-mak-tin,ei-Σ-mak-tin,ei+Σ+mak+ti+n,ei Σ m a k t i n,ei + Σ + m a k + t i + n,dialect_var,,,Kanshouwa2026KhoirentakKom,nopage,komkhoirentak
komkhoirentak082,hmu,2.sg.1.sg.fut.neg,ani-hmu-mak-tin,ani-Σ-mak-tin,a+ni+Σ+mak+ti+n,a n i Σ m a k t i n,a + n i + Σ + m a k + t i + n,dialect_var,,,Kanshouwa2026KhoirentakKom,nopage,komkhoirentak
komkhoirentak083,hmu,2.sg.1.pl.excl.fut.neg,ei-hmu-mak-tin,ei-Σ-mak-tin,ei+Σ+mak+ti+n,ei Σ m a k t i n,ei + Σ + m a k + t i + n,unspecified,,,Kanshouwa2026KhoirentakKom,nopage,komkhoirentak
komkhoirentak084,hmu,2.sg.1.pl.excl.fut.neg,a-hmu-mak-tin,a-Σ-mak-tin,a+Σ+mak+ti+n,a Σ m a k t i n,a + Σ + m a k + t i + n,dialect_var,,,Kanshouwa2026KhoirentakKom,nopage,komkhoirentak
komkhoirentak085,hmu,2.sg.1.pl.excl.fut.neg,ani-hmu-mak-tin,ani-Σ-mak-tin,a+ni+Σ+mak+ti+n,a n i Σ m a k t i n,a + n i + Σ + m a k + t i + n,dialect_var,,,Kanshouwa2026KhoirentakKom,nopage,komkhoirentak
komkhoirentak086,hmu,2.pl.1.sg.fut.neg,a-hmu-mak-tun,a-Σ-mak-tun,a+Σ+mak+tu+n,a Σ m a k t u n,a + Σ + m a k + t u + n,informal,,fusion,Kanshouwa2026KhoirentakKom,nopage,komkhoirentak
komkhoirentak087,hmu,2.pl.1.sg.fut.neg,ei-hmu-mak-tun,ei-Σ-mak-tun,ei+Σ+mak+tu+n,ei Σ m a k t u n,ei + Σ + m a k + t u + n,dialect_var,,,Kanshouwa2026KhoirentakKom,nopage,komkhoirentak
komkhoirentak088,hmu,2.pl.1.sg.fut.neg,ani-hmu-mak-tun,ani-Σ-mak-tun,a+ni+Σ+mak+tu+n,a n i Σ m a k t u n,a + n i + Σ + m a k + t u + n,dialect_var,,,Kanshouwa2026KhoirentakKom,nopage,komkhoirentak
komkhoirentak089,hmu,2.pl.1.sg.fut.neg,a-hmu-mak-tin-chui,a-Σ-mak-tin-chui,a+Σ+mak+ti+n+chui,a Σ m a k t i n tʃ ui,a + Σ + m a k + t i + n + tʃ ui,formal,,mult_exponence,Kanshouwa2026KhoirentakKom,nopage,komkhoirentak
komkhoirentak090,hmu,2.pl.1.sg.fut.neg,ei-hmu-mak-tin-chui,ei-Σ-mak-tin-chui,ei+Σ+mak+ti+n+chui,ei Σ m a k t i n tʃ ui,ei + Σ + m a k + t i + n + tʃ ui,dialect_var,,mult_exponence,Kanshouwa2026KhoirentakKom,nopage,komkhoirentak
komkhoirentak091,hmu,2.pl.1.sg.fut.neg,ani-hmu-mak-tin-chui,ani-Σ-mak-tin-chui,a+ni+Σ+mak+ti+n+chui,a n i Σ m a k t i n tʃ ui,a + n i + Σ + m a k + t i + n + tʃ ui,dialect_var,,mult_exponence,Kanshouwa2026KhoirentakKom,nopage,komkhoirentak
komkhoirentak092,hmu,2.pl.1.pl.excl.fut.neg,ei-hmu-mak-tun,ei-Σ-mak-tun,ei+Σ+mak+tu+n,ei Σ m a k t u n,ei + Σ + m a k + t u + n,informal,,fusion,Kanshouwa2026KhoirentakKom,nopage,komkhoirentak
komkhoirentak093,hmu,2.pl.1.pl.excl.fut.neg,a-hmu-mak-tun,a-Σ-mak-tun,a+Σ+mak+tu+n,a Σ m a k t u n,a + Σ + m a k + t u + n,dialect_var,,,Kanshouwa2026KhoirentakKom,nopage,komkhoirentak
komkhoirentak094,hmu,2.pl.1.pl.excl.fut.neg,ani-hmu-mak-tun,ani-Σ-mak-tun,a+ni+Σ+mak+tu+n,a n i Σ m a k t u n,a + n i + Σ + m a k + t u + n,dialect_var,,,Kanshouwa2026KhoirentakKom,nopage,komkhoirentak
komkhoirentak095,hmu,2.pl.1.pl.excl.fut.neg,ei-hmu-mak-tin-chui,ei-Σ-mak-tin-chui,ei+Σ+mak+ti+n+chui,ei Σ m a k t i n tʃ ui,ei + Σ + m a k + t i + n + tʃ ui,formal,,mult_exponence,Kanshouwa2026KhoirentakKom,nopage,komkhoirentak
komkhoirentak096,hmu,2.pl.1.pl.excl.fut.neg,a-hmu-mak-tin-chui,a-Σ-mak-tin-chui,a+Σ+mak+ti+n+chui,a Σ m a k t i n tʃ ui,a + Σ + m a k + t i + n + tʃ ui,dialect_var,,mult_exponence,Kanshouwa2026KhoirentakKom,nopage,komkhoirentak
komkhoirentak097,hmu,2.pl.1.pl.excl.fut.neg,ani-hmu-mak-tin-chui,ani-Σ-mak-tin-chui,a+ni+Σ+mak+ti+n+chui,a n i Σ m a k t i n tʃ ui,a + n i + Σ + m a k + t i + n + tʃ ui,dialect_var,,mult_exponence,Kanshouwa2026KhoirentakKom,nopage,komkhoirentak
komkhoirentak098,hmu,2.sg.3.sg.fut.neg,hmu-mak-tin,Σ-mak-tin,Σ+mak+ti+n,Σ m a k t i n,Σ + m a k + t i + n,unspecified,,,Kanshouwa2026KhoirentakKom,nopage,komkhoirentak
komkhoirentak099,hmu,2.sg.3.pl.fut.neg,hmu-mak-hei-tin,Σ-mak-hei-tin,Σ+mak+hei+ti+n,Σ m a k h ei t i n,Σ + m a k + h ei + t i + n,unspecified,,,Kanshouwa2026KhoirentakKom,nopage,komkhoirentak
komkhoirentak100,hmu,2.pl.3.sg.fut.neg,hmu-mak-tun,Σ-mak-tun,Σ+mak+tu+n,Σ m a k t u n,Σ + m a k + t u + n,informal,,fusion,Kanshouwa2026KhoirentakKom,nopage,komkhoirentak
komkhoirentak101,hmu,2.pl.3.sg.fut.neg,hmu-mak-tin-chui,Σ-mak-tin-chui,Σ+mak+ti+n+chui,Σ m a k t i n tʃ ui,Σ + m a k + t i + n + tʃ ui,formal,,mult_exponence,Kanshouwa2026KhoirentakKom,nopage,komkhoirentak
komkhoirentak102,hmu,2.pl.3.pl.fut.neg,hmu-mak-hei-tun,Σ-mak-hei-tun,Σ+mak+hei+tu+n,Σ m a k h ei t u n,Σ + m a k + h ei + t u + n,informal,,fusion,Kanshouwa2026KhoirentakKom,nopage,komkhoirentak
komkhoirentak103,hmu,2.pl.3.pl.fut.neg,hmu-mak-hei-tin-chui,Σ-mak-hei-tin-chui,Σ+mak+hei+ti+n+chui,Σ m a k h ei t i n tʃ ui,Σ + m a k + h ei + t i + n + tʃ ui,formal,,mult_exponence,Kanshouwa2026KhoirentakKom,nopage,komkhoirentak
komkhoirentak104,se,3.sg.fut.neg,se-mak-ning,Σ-mak-ning,Σ+mak+n+ing,Σ m a k n i ŋ,Σ + m a k + n + i ŋ,unspecified,,,Kanshouwa2026KhoirentakKom,nopage,komkhoirentak
komkhoirentak105,se,3.pl.fut.neg,se-mak-hei-ning,Σ-mak-hei-ning,Σ+mak+hei+n+ing,Σ m a k h ei n i ŋ,Σ + m a k + h ei + n + i ŋ,unspecified,,,Kanshouwa2026KhoirentakKom,nopage,komkhoirentak
komkhoirentak106,hmu,3.sg.1.sg.fut.neg,a-hmu-mak-ning,a-Σ-mak-ning,a+Σ+mak+n+ing,a Σ m a k n i ŋ,a + Σ + m a k + n + i ŋ,unspecified,,,Kanshouwa2026KhoirentakKom,nopage,komkhoirentak
komkhoirentak107,hmu,3.sg.1.sg.fut.neg,ei-hmu-mak-ning,ei-Σ-mak-ning,ei+Σ+mak+n+ing,ei Σ m a k n i ŋ,ei + Σ + m a k + n + i ŋ,dialect_var,,,Kanshouwa2026KhoirentakKom,nopage,komkhoirentak
komkhoirentak108,hmu,3.sg.1.sg.fut.neg,ani-hmu-mak-ning,ani-Σ-mak-ning,a+ni+Σ+mak+n+ing,a n i Σ m a k n i ŋ,a + n i + Σ + m a k + n + i ŋ,dialect_var,,,Kanshouwa2026KhoirentakKom,nopage,komkhoirentak
komkhoirentak109,hmu,3.sg.1.pl.excl.fut.neg,a-hmu-mak-ning,a-Σ-mak-ning,a+Σ+mak+n+ing,a Σ m a k n i ŋ,a + Σ + m a k + n + i ŋ,dialect_var,,,Kanshouwa2026KhoirentakKom,nopage,komkhoirentak
komkhoirentak110,hmu,3.sg.1.pl.excl.fut.neg,ei-hmu-mak-ning,ei-Σ-mak-ning,ei+Σ+mak+n+ing,ei Σ m a k n i ŋ,ei + Σ + m a k + n + i ŋ,unspecified,,,Kanshouwa2026KhoirentakKom,nopage,komkhoirentak
komkhoirentak111,hmu,3.sg.1.pl.excl.fut.neg,ani-hmu-mak-ning,ani-Σ-mak-ning,a+ni+Σ+mak+n+ing,a n i Σ m a k n i ŋ,a + n i + Σ + m a k + n + i ŋ,dialect_var,,,Kanshouwa2026KhoirentakKom,nopage,komkhoirentak
komkhoirentak112,hmu,3.sg.1.pl.incl.fut.neg,ei-hmu-mak-ning,ei-Σ-mak-ning,ei+Σ+mak+n+ing,ei Σ m a k n i ŋ,ei + Σ + m a k + n + i ŋ,unspecified,,,Kanshouwa2026KhoirentakKom,nopage,komkhoirentak
komkhoirentak113,hmu,3.sg.1.pl.incl.fut.neg,a-hmu-mak-ning,a-Σ-mak-ning,a+Σ+mak+n+ing,a Σ m a k n i ŋ,a + Σ + m a k + n + i ŋ,dialect_var,,,Kanshouwa2026KhoirentakKom,nopage,komkhoirentak
komkhoirentak114,hmu,3.sg.1.pl.incl.fut.neg,ani-hmu-mak-ning,ani-Σ-mak-ning,a+ni+Σ+mak+n+ing,a n i Σ m a k n i ŋ,a + n i + Σ + m a k + n + i ŋ,dialect_var,,,Kanshouwa2026KhoirentakKom,nopage,komkhoirentak
komkhoirentak115,hmu,3.pl.1.sg.fut.neg,ei-hmu-mak-hei-ning,ei-Σ-mak-hei-ning,ei+Σ+mak+hei+n+ing,ei Σ m a k h ei n i ŋ,ei + Σ + m a k + h ei + n + i ŋ,unspecified,,,Kanshouwa2026KhoirentakKom,nopage,komkhoirentak
komkhoirentak116,hmu,3.pl.1.sg.fut.neg,a-hmu-mak-hei-ning,a-Σ-mak-hei-ning,a+Σ+mak+hei+n+ing,a Σ m a k h ei n i ŋ,a + Σ + m a k + h ei + n + i ŋ,dialect_var,,,Kanshouwa2026KhoirentakKom,nopage,komkhoirentak
komkhoirentak117,hmu,3.pl.1.sg.fut.neg,ani-hmu-mak-hei-ning,ani-Σ-mak-hei-ning,a+ni+Σ+mak+hei+n+ing,a n i Σ m a k h ei n i ŋ,a + n i + Σ + m a k + h ei + n + i ŋ,dialect_var,,,Kanshouwa2026KhoirentakKom,nopage,komkhoirentak
komkhoirentak118,hmu,3.pl.1.pl.excl.fut.neg,ei-hmu-mak-hei-ning,ei-Σ-mak-hei-ning,ei+Σ+mak+hei+n+ing,ei Σ m a k h ei n i ŋ,ei + Σ + m a k + h ei + n + i ŋ,unspecified,,,Kanshouwa2026KhoirentakKom,nopage,komkhoirentak
komkhoirentak119,hmu,3.pl.1.pl.excl.fut.neg,a-hmu-mak-hei-ning,a-Σ-mak-hei-ning,a+Σ+mak+hei+n+ing,a Σ m a k h ei n i ŋ,a + Σ + m a k + h ei + n + i ŋ,dialect_var,,,Kanshouwa2026KhoirentakKom,nopage,komkhoirentak
komkhoirentak120,hmu,3.pl.1.pl.excl.fut.neg,ani-hmu-mak-hei-ning,ani-Σ-mak-hei-ning,a+ni+Σ+mak+hei+n+ing,a n i Σ m a k h ei n i ŋ,a + n i + Σ + m a k + h ei + n + i ŋ,dialect_var,,,Kanshouwa2026KhoirentakKom,nopage,komkhoirentak
komkhoirentak121,hmu,3.pl.1.pl.incl.fut.neg,ei-hmu-mak-hei-ning,ei-Σ-mak-hei-ning,ei+Σ+mak+hei+n+ing,ei Σ m a k h ei n i ŋ,ei + Σ + m a k + h ei + n + i ŋ,unspecified,,,Kanshouwa2026KhoirentakKom,nopage,komkhoirentak
komkhoirentak122,hmu,3.pl.1.pl.incl.fut.neg,a-hmu-mak-hei-ning,a-Σ-mak-hei-ning,a+Σ+mak+hei+n+ing,a Σ m a k h ei n i ŋ,a + Σ + m a k + h ei + n + i ŋ,dialect_var,,,Kanshouwa2026KhoirentakKom,nopage,komkhoirentak
komkhoirentak123,hmu,3.pl.1.pl.incl.fut.neg,ani-hmu-mak-hei-ning,ani-Σ-mak-hei-ning,a+ni+Σ+mak+hei+n+ing,a n i Σ m a k h ei n i ŋ,a + n i + Σ + m a k + h ei + n + i ŋ,dialect_var,,,Kanshouwa2026KhoirentakKom,nopage,komkhoirentak
komkhoirentak124,hmu,3.sg.2.sg.fut.neg,hmu-mak-tin,Σ-mak-tin,Σ+mak+ti+n,Σ m a k t i n,Σ + m a k + t i + n,unspecified,,,Kanshouwa2026KhoirentakKom,nopage,komkhoirentak
komkhoirentak125,hmu,3.sg.2.pl.fut.neg,hmu-mak-tin-chui,Σ-mak-tin-chui,Σ+mak+ti+n+chui,Σ m a k t i n tʃ ui,Σ + m a k + t i + n + tʃ ui,formal,,mult_exponence,Kanshouwa2026KhoirentakKom,nopage,komkhoirentak
komkhoirentak126,hmu,3.sg.2.pl.fut.neg,hmu-mak-tun,Σ-mak-tun,Σ+mak+tu+n,Σ m a k t u n,Σ + m a k + t u + n,informal,,fusion,Kanshouwa2026KhoirentakKom,nopage,komkhoirentak
komkhoirentak127,hmu,3.pl.2.sg.fut.neg,hmu-mak-hei-tin,Σ-mak-hei-tin,Σ+mak+hei+ti+n,Σ m a k h ei t i n,Σ + m a k + h ei + t i + n,unspecified,,,Kanshouwa2026KhoirentakKom,nopage,komkhoirentak
komkhoirentak128,hmu,3.pl.2.sg.fut.neg,hmu-mak-tin,Σ-mak-tin,Σ+mak+ti+n,Σ m a k t i n,Σ + m a k + t i + n,unspecified,optional_plural,,Kanshouwa2026KhoirentakKom,nopage,komkhoirentak
komkhoirentak129,hmu,3.pl.2.pl.fut.neg,hmu-mak-hei-tun,Σ-mak-hei-tun,Σ+mak+hei+tu+n,Σ m a k h ei t u n,Σ + m a k + h ei + t u + n,unspecified,,,Kanshouwa2026KhoirentakKom,nopage,komkhoirentak
komkhoirentak130,hmu,3.sg.3.sg.fut.neg,hmu-mak-ning,Σ-mak-ning,Σ+mak+n+ing,Σ m a k n i ŋ,Σ + m a k + n + i ŋ,unspecified,,,Kanshouwa2026KhoirentakKom,nopage,komkhoirentak
komkhoirentak131,hmu,3.sg.3.pl.fut.neg,hmu-mak-hei-ning,Σ-mak-hei-ning,Σ+mak+hei+n+ing,Σ m a k h ei n i ŋ,Σ + m a k + h ei + n + i ŋ,unspecified,,,Kanshouwa2026KhoirentakKom,nopage,komkhoirentak
komkhoirentak132,hmu,3.pl.3.sg.fut.neg,hmu-mak-hei-ning,Σ-mak-hei-ning,Σ+mak+hei+n+ing,Σ m a k h ei n i ŋ,Σ + m a k + h ei + n + i ŋ,unspecified,,,Kanshouwa2026KhoirentakKom,nopage,komkhoirentak
komkhoirentak133,hmu,3.pl.3.pl.fut.neg,hmu-mak-hei-ning,Σ-mak-hei-ning,Σ+mak+hei+n+ing,Σ m a k h ei n i ŋ,Σ + m a k + h ei + n + i ŋ,unspecified,,,Kanshouwa2026KhoirentakKom,nopage,komkhoirentak
komkhoirentak134,se,1.sg.nfut.aff,ka-se-eng,ka-Σ-eng,ka+Σ+eng,k a Σ e ŋ,k a + Σ + e ŋ,unspecified,,,Kanshouwa2026KhoirentakKom,nopage,komkhoirentak
komkhoirentak135,se,1.pl.excl.nfut.aff,ka-se-ung,ka-Σ-ung,ka+Σ+ung,k a Σ u ŋ,k a + Σ + u ŋ,unspecified,,,Kanshouwa2026KhoirentakKom,nopage,komkhoirentak
komkhoirentak136,se,1.pl.incl.nfut.aff,ka-se-me,ka-Σ-me,ka+Σ+me,k a Σ m e,k a + Σ + m e,unspecified,,,Kanshouwa2026KhoirentakKom,nopage,komkhoirentak
komkhoirentak137,hmu,1.sg.2.sg.nfut.aff,ka-hmu-che,ka-Σ-che,ka+Σ+che,k a Σ tʃ e,k a + Σ + tʃ e,unspecified,,,Kanshouwa2026KhoirentakKom,nopage,komkhoirentak
komkhoirentak138,hmu,1.sg.2.pl.nfut.aff,ka-hmu-chui,ka-Σ-chui,ka+Σ+chui,k a Σ tʃ ui,k a + Σ + tʃ ui,unspecified,,,Kanshouwa2026KhoirentakKom,nopage,komkhoirentak
komkhoirentak139,hmu,1.pl.excl.2.sg.nfut.aff,kan-hmu-che,kan-Σ-che,ka+n+Σ+che,k a n Σ tʃ e,k a + n + Σ + tʃ e,unspecified,,,Kanshouwa2026KhoirentakKom,nopage,komkhoirentak
komkhoirentak140,hmu,1.pl.excl.2.pl.nfut.aff,kan-hmu-chui,kan-Σ-chui,ka+n+Σ+chui,k a n Σ tʃ ui,k a + n + Σ + tʃ ui,unspecified,,,Kanshouwa2026KhoirentakKom,nopage,komkhoirentak
komkhoirentak141,hmu,1.sg.3.sg.nfut.aff,ka-hmu,ka-Σ,ka+Σ,k a Σ,k a + Σ,unspecified,,,Kanshouwa2026KhoirentakKom,nopage,komkhoirentak
komkhoirentak142,hmu,1.sg.3.pl.nfut.aff,ka-hmu-hei,ka-Σ-hei,ka+Σ+hei,k a Σ h ei,k a + Σ + h ei,unspecified,,,Kanshouwa2026KhoirentakKom,nopage,komkhoirentak
komkhoirentak143,hmu,1.pl.excl.3.sg.nfut.aff,kan-hmu,kan-Σ,ka+n+Σ,k a n Σ,k a + n + Σ,unspecified,,,Kanshouwa2026KhoirentakKom,nopage,komkhoirentak
komkhoirentak144,hmu,1.pl.incl.3.sg.nfut.aff,ni-hmu,ni-Σ,ni+Σ,n i Σ,n i + Σ,unspecified,,,Kanshouwa2026KhoirentakKom,nopage,komkhoirentak
komkhoirentak145,hmu,1.pl.excl.3.pl.nfut.aff,kan-hmu-hei,kan-Σ-hei,ka+n+Σ+hei,k a n Σ h ei,k a + n + Σ + h ei,unspecified,,,Kanshouwa2026KhoirentakKom,nopage,komkhoirentak
komkhoirentak146,hmu,1.pl.incl.3.pl.nfut.aff,ni-hmu-hei,ni-Σ-hei,ni+Σ+hei,n i Σ h ei,n i + Σ + h ei,unspecified,,,Kanshouwa2026KhoirentakKom,nopage,komkhoirentak
komkhoirentak147,se,2.sg.nfut.aff,ka-se-che,ka-Σ-che,ka+Σ+che,k a Σ tʃ e,k a + Σ + tʃ e,unspecified,,,Kanshouwa2026KhoirentakKom,nopage,komkhoirentak
komkhoirentak148,se,2.pl.nfut.aff,ka-se-chui,ka-Σ-chui,ka+Σ+chui,k a Σ tʃ ui,k a + Σ + tʃ ui,unspecified,,,Kanshouwa2026KhoirentakKom,nopage,komkhoirentak
komkhoirentak149,hmu,2.sg.1.sg.nfut.aff,na-hmu-eng,na-Σ-eng,na+Σ+eng,n a Σ e ŋ,n a + Σ + e ŋ,unspecified,,,Kanshouwa2026KhoirentakKom,nopage,komkhoirentak
komkhoirentak150,hmu,2.sg.1.sg.nfut.aff,nani-hmu,nani-Σ,na+ni+Σ,n a n i Σ,n a + n i + Σ,dialect_var,,,Kanshouwa2026KhoirentakKom,nopage,komkhoirentak
komkhoirentak151,hmu,2.sg.1.pl.excl.nfut.aff,na-hmu-ung,na-Σ-ung,na+Σ+ung,n a Σ u ŋ,n a + Σ + u ŋ,unspecified,,,Kanshouwa2026KhoirentakKom,nopage,komkhoirentak
komkhoirentak152,hmu,2.sg.1.pl.excl.nfut.aff,nani-hmu,nani-Σ,na+ni+Σ,n a n i Σ,n a + n i + Σ,dialect_var,,,Kanshouwa2026KhoirentakKom,nopage,komkhoirentak
komkhoirentak153,hmu,2.pl.1.sg.nfut.aff,nani-hmu,nani-Σ,na+ni+Σ,n a n i Σ,n a + n i + Σ,dialect_var,,,Kanshouwa2026KhoirentakKom,nopage,komkhoirentak
komkhoirentak154,hmu,2.pl.1.sg.nfut.aff,nan-hmu-eng,nan-Σ-eng,na+n+Σ+eng,n a n Σ e ŋ,n a + n + Σ + e ŋ,unspecified,,,Kanshouwa2026KhoirentakKom,nopage,komkhoirentak
komkhoirentak155,hmu,2.pl.1.pl.excl.nfut.aff,nan-hmu-ung,nan-Σ-ung,na+n+Σ+ung,n a n Σ u ŋ,n a + n + Σ + u ŋ,unspecified,,,Kanshouwa2026KhoirentakKom,nopage,komkhoirentak
komkhoirentak156,hmu,2.pl.1.pl.excl.nfut.aff,nanni-hmu,nanni-Σ,na+ni+Σ,n a n i Σ,n a + n i + Σ,dialect_var,,,Kanshouwa2026KhoirentakKom,nopage,komkhoirentak
komkhoirentak157,hmu,2.sg.3.sg.nfut.aff,na-hmu,na-Σ,na+Σ,n a Σ,n a + Σ,unspecified,,,Kanshouwa2026KhoirentakKom,nopage,komkhoirentak
komkhoirentak158,hmu,2.sg.3.pl.nfut.aff,na-hmu-hei,na-Σ-hei,na+Σ+hei,n a Σ h ei,n a + Σ + h ei,unspecified,,,Kanshouwa2026KhoirentakKom,nopage,komkhoirentak
komkhoirentak159,hmu,2.pl.3.sg.nfut.aff,nan-hmu,nan-Σ,na+n+Σ,n a n Σ,n a + n + Σ,unspecified,,,Kanshouwa2026KhoirentakKom,nopage,komkhoirentak
komkhoirentak160,hmu,2.pl.3.pl.nfut.aff,nan-hmu-hei,nan-Σ-hei,na+n+Σ+hei,n a n Σ h ei,n a + n + Σ + h ei,unspecified,,,Kanshouwa2026KhoirentakKom,nopage,komkhoirentak
komkhoirentak161,se,3.sg.nfut.aff,ka-se,ka-Σ,ka+Σ,k a Σ,k a + Σ,unspecified,,,Kanshouwa2026KhoirentakKom,nopage,komkhoirentak
komkhoirentak162,se,3.pl.nfut.aff,ka-se-hei,ka-Σ-hei,ka+Σ+hei,k a Σ h ei,k a + Σ + h ei,unspecified,,,Kanshouwa2026KhoirentakKom,nopage,komkhoirentak
komkhoirentak163,hmu,3.sg.1.sg.nfut.aff,a-hmu-eng,a-Σ-eng,a+Σ+eng,a Σ e ŋ,a + Σ + e ŋ,unspecified,,,Kanshouwa2026KhoirentakKom,nopage,komkhoirentak
komkhoirentak164,hmu,3.sg.1.pl.excl.nfut.aff,a-hmu-ung,a-Σ-ung,a+Σ+ung,a Σ u ŋ,a + Σ + u ŋ,unspecified,,,Kanshouwa2026KhoirentakKom,nopage,komkhoirentak
komkhoirentak165,hmu,3.sg.1.pl.excl.nfut.aff,ani-hmu,ani-Σ,a+ni+Σ,a n i Σ,a + n i + Σ,dialect_var,,,Kanshouwa2026KhoirentakKom,nopage,komkhoirentak
komkhoirentak166,hmu,3.sg.1.pl.incl.nfut.aff,ei-hmu-me,ei-Σ-me,ei+Σ+me,ei Σ m e,ei + Σ + m e,unspecified,,,Kanshouwa2026KhoirentakKom,nopage,komkhoirentak
komkhoirentak167,hmu,3.sg.1.pl.incl.nfut.aff,a-hmu-me,a-Σ-me,a+Σ+me,a Σ m e,a + Σ + m e,dialect_var,,,Kanshouwa2026KhoirentakKom,nopage,komkhoirentak
komkhoirentak168,hmu,3.pl.1.sg.nfut.aff,an-hmu-eng,an-Σ-eng,a+n+Σ+eng,a n Σ e ŋ,a + n + Σ + e ŋ,unspecified,,,Kanshouwa2026KhoirentakKom,nopage,komkhoirentak
komkhoirentak169,hmu,3.pl.1.sg.nfut.aff,ani-hmu,ani-Σ,a+ni+Σ,a n i Σ,a + n i + Σ,dialect_var,,,Kanshouwa2026KhoirentakKom,nopage,komkhoirentak
komkhoirentak170,hmu,3.pl.1.pl.excl.nfut.aff,an-hmu-ung,an-Σ-ung,a+n+Σ+ung,a n Σ u ŋ,a + n + Σ + u ŋ,unspecified,,,Kanshouwa2026KhoirentakKom,nopage,komkhoirentak
komkhoirentak171,hmu,3.pl.1.pl.excl.nfut.aff,ani-hmu,ani-Σ,a+ni+Σ,a n i Σ,a + n i + Σ,dialect_var,,,Kanshouwa2026KhoirentakKom,nopage,komkhoirentak
komkhoirentak172,hmu,3.pl.1.pl.incl.nfut.aff,an-hmu-me,an-Σ-me,a+n+Σ+me,a n Σ m e,a + n + Σ + m e,unspecified,,,Kanshouwa2026KhoirentakKom,nopage,komkhoirentak
komkhoirentak173,hmu,3.pl.1.pl.incl.nfut.aff,ani-hmu,ani-Σ,a+ni+Σ,a n i Σ,a + n i + Σ,dialect_var,,,Kanshouwa2026KhoirentakKom,nopage,komkhoirentak
komkhoirentak174,hmu,3.sg.2.sg.nfut.aff,a-hmu-che,a-Σ-che,a+Σ+che,a Σ tʃ e,a + Σ + tʃ e,unspecified,,,Kanshouwa2026KhoirentakKom,nopage,komkhoirentak
komkhoirentak175,hmu,3.sg.2.pl.nfut.aff,a-hmu-chui,a-Σ-chui,a+Σ+chui,a Σ tʃ ui,a + Σ + tʃ ui,unspecified,,,Kanshouwa2026KhoirentakKom,nopage,komkhoirentak
komkhoirentak176,hmu,3.pl.2.sg.nfut.aff,an-hmu-che,an-Σ-che,a+n+Σ+che,a n Σ tʃ e,a + n + Σ + tʃ e,unspecified,,,Kanshouwa2026KhoirentakKom,nopage,komkhoirentak
komkhoirentak177,hmu,3.pl.2.pl.nfut.aff,an-hmu-chui,an-Σ-chui,a+n+Σ+chui,a n Σ tʃ ui,a + n + Σ + tʃ ui,unspecified,,,Kanshouwa2026KhoirentakKom,nopage,komkhoirentak
komkhoirentak178,hmu,3.sg.3.sg.nfut.aff,a-hmu,a-Σ,a+Σ,a Σ,a + Σ,unspecified,,,Kanshouwa2026KhoirentakKom,nopage,komkhoirentak
komkhoirentak179,hmu,3.sg.3.pl.nfut.aff,a-hmu-hei,a-Σ-hei,a+Σ+hei,a Σ h ei,a + Σ + h ei,unspecified,,,Kanshouwa2026KhoirentakKom,nopage,komkhoirentak
komkhoirentak180,hmu,3.pl.3.sg.nfut.aff,an-hmu,an-Σ,a+n+Σ,a n Σ,a + n + Σ,unspecified,,,Kanshouwa2026KhoirentakKom,nopage,komkhoirentak
komkhoirentak181,hmu,3.pl.3.pl.nfut.aff,an-hmu,an-Σ,a+n+Σ,a n Σ,a + n + Σ,unspecified,optional_plural,,Kanshouwa2026KhoirentakKom,nopage,komkhoirentak
komkhoirentak182,hmu,3.pl.3.pl.nfut.aff,an-hmu-hei,an-Σ-hei,a+n+Σ+hei,a n Σ h ei,a + n + Σ + h ei,unspecified,,,Kanshouwa2026KhoirentakKom,nopage,komkhoirentak
komkhoirentak183,se,1.sg.nfut.neg,se-meng,Σ-meng,Σ+m+eng,Σ m e ŋ,Σ + m + e ŋ,informal,,fusion,Kanshouwa2026KhoirentakKom,nopage,komkhoirentak
komkhoirentak184,se,1.sg.nfut.neg,se-mak-eng,Σ-mak-eng,Σ+mak+eng,Σ m a k e ŋ,Σ + m a k + e ŋ,formal,,,Kanshouwa2026KhoirentakKom,nopage,komkhoirentak
komkhoirentak185,se,1.pl.excl.nfut.neg,se-mak-ung,Σ-mak-ung,Σ+mak+ung,Σ m a k u ŋ,Σ + m a k + u ŋ,unspecified,,,Kanshouwa2026KhoirentakKom,nopage,komkhoirentak
komkhoirentak186,se,1.pl.incl.nfut.neg,se-mak-me,Σ-mak-me,Σ+mak+me,Σ m a k m e,Σ + m a k + m e,unspecified,,,Kanshouwa2026KhoirentakKom,nopage,komkhoirentak
komkhoirentak187,hmu,1.sg.2.sg.nfut.neg,hmu-mak-che-eng,Σ-mak-che-eng,Σ+mak+che+eng,Σ m a k tʃ e e ŋ,Σ + m a k + tʃ e + e ŋ,unspecified,,,Kanshouwa2026KhoirentakKom,nopage,komkhoirentak
komkhoirentak188,hmu,1.sg.2.pl.nfut.neg,hmu-mak-chui-eng,Σ-mak-chui-eng,Σ+mak+chui+eng,Σ m a k tʃ ui e ŋ,Σ + m a k + tʃ ui + e ŋ,unspecified,,,Kanshouwa2026KhoirentakKom,nopage,komkhoirentak
komkhoirentak189,hmu,1.pl.excl.2.sg.nfut.neg,hmu-mak-che-ung,Σ-mak-che-ung,Σ+mak+che+ung,Σ m a k tʃ e u ŋ,Σ + m a k + tʃ e + u ŋ,unspecified,,,Kanshouwa2026KhoirentakKom,nopage,komkhoirentak
komkhoirentak190,hmu,1.pl.excl.2.pl.nfut.neg,hmu-mak-chui-ung,Σ-mak-chui-ung,Σ+mak+chui+ung,Σ m a k tʃ ui u ŋ,Σ + m a k + tʃ ui + u ŋ,unspecified,,,Kanshouwa2026KhoirentakKom,nopage,komkhoirentak
komkhoirentak191,hmu,1.sg.3.sg.nfut.neg,hmu-mak-eng,Σ-mak-eng,Σ+mak+eng,Σ m a k e ŋ,Σ + m a k + e ŋ,unspecified,,,Kanshouwa2026KhoirentakKom,nopage,komkhoirentak
komkhoirentak192,hmu,1.sg.3.pl.nfut.neg,hmu-mak-hei-eng,Σ-mak-hei-eng,Σ+mak+hei+eng,Σ m a k h ei e ŋ,Σ + m a k + h ei + e ŋ,unspecified,,,Kanshouwa2026KhoirentakKom,nopage,komkhoirentak
komkhoirentak193,hmu,1.pl.excl.3.sg.nfut.neg,hmu-mak-ung,Σ-mak-ung,Σ+mak+ung,Σ m a k u ŋ,Σ + m a k + u ŋ,unspecified,,,Kanshouwa2026KhoirentakKom,nopage,komkhoirentak
komkhoirentak194,hmu,1.pl.incl.3.sg.nfut.neg,hmu-mak-me,Σ-mak-me,Σ+mak+me,Σ m a k m e,Σ + m a k + m e,unspecified,,,Kanshouwa2026KhoirentakKom,nopage,komkhoirentak
komkhoirentak195,hmu,1.pl.excl.3.pl.nfut.neg,hmu-mak-hei-ung,Σ-mak-hei-ung,Σ+mak+hei+ung,Σ m a k h ei u ŋ,Σ + m a k + h ei + u ŋ,unspecified,,,Kanshouwa2026KhoirentakKom,nopage,komkhoirentak
komkhoirentak196,hmu,1.pl.incl.3.pl.nfut.neg,hmu-mak-hei-me,Σ-mak-hei-me,Σ+mak+hei+me,Σ m a k h ei m e,Σ + m a k + h ei + m e,unspecified,,,Kanshouwa2026KhoirentakKom,nopage,komkhoirentak
komkhoirentak197,se,2.sg.nfut.neg,se-mak-che,Σ-mak-che,Σ+mak+che,Σ m a k tʃ e,Σ + m a k + tʃ e,unspecified,,,Kanshouwa2026KhoirentakKom,nopage,komkhoirentak
komkhoirentak198,se,2.pl.nfut.neg,se-mak-chui,Σ-mak-chui,Σ+mak+chui,Σ m a k tʃ ui,Σ + m a k + tʃ ui,unspecified,,,Kanshouwa2026KhoirentakKom,nopage,komkhoirentak
komkhoirentak199,hmu,2.sg.1.sg.nfut.neg,a-hmu-mak-che,a-Σ-mak-che,a+Σ+mak+che,a Σ m a k tʃ e,a + Σ + m a k + tʃ e,unspecified,,,Kanshouwa2026KhoirentakKom,nopage,komkhoirentak
komkhoirentak200,hmu,2.sg.1.sg.nfut.neg,ei-hmu-mak-che,ei-Σ-mak-che,ei+Σ+mak+che,ei Σ m a k tʃ e,ei + Σ + m a k + tʃ e,dialect_var,,,Kanshouwa2026KhoirentakKom,nopage,komkhoirentak
komkhoirentak201,hmu,2.sg.1.sg.nfut.neg,ani-hmu-mak-che,ani-Σ-mak-che,a+ni+Σ+mak+che,a n i Σ m a k tʃ e,a + n i + Σ + m a k + tʃ e,dialect_var,,,Kanshouwa2026KhoirentakKom,nopage,komkhoirentak
komkhoirentak202,hmu,2.sg.1.pl.excl.nfut.neg,ei-hmu-mak-che,ei-Σ-mak-che,ei+Σ+mak+che,ei Σ m a k tʃ e,ei + Σ + m a k + tʃ e,unspecified,,,Kanshouwa2026KhoirentakKom,nopage,komkhoirentak
komkhoirentak203,hmu,2.sg.1.pl.excl.nfut.neg,a-hmu-mak-che,a-Σ-mak-che,a+Σ+mak+che,a Σ m a k tʃ e,a + Σ + m a k + tʃ e,dialect_var,,,Kanshouwa2026KhoirentakKom,nopage,komkhoirentak
komkhoirentak204,hmu,2.sg.1.pl.excl.nfut.neg,ani-hmu-mak-che,ani-Σ-mak-che,a+ni+Σ+mak+che,a n i Σ m a k tʃ e,a + n i + Σ + m a k + tʃ e,dialect_var,,,Kanshouwa2026KhoirentakKom,nopage,komkhoirentak
komkhoirentak205,hmu,2.pl.1.sg.nfut.neg,a-hmu-mak-chui,a-Σ-mak-chui,a+Σ+mak+chui,a Σ m a k tʃ ui,a + Σ + m a k + tʃ ui,unspecified,,,Kanshouwa2026KhoirentakKom,nopage,komkhoirentak
komkhoirentak206,hmu,2.pl.1.sg.nfut.neg,ei-hmu-mak-chui,ei-Σ-mak-chui,ei+Σ+mak+chui,ei Σ m a k tʃ ui,ei + Σ + m a k + tʃ ui,dialect_var,,,Kanshouwa2026KhoirentakKom,nopage,komkhoirentak
komkhoirentak207,hmu,2.pl.1.sg.nfut.neg,ani-hmu-mak-chui,ani-Σ-mak-chui,a+ni+Σ+mak+chui,a n i Σ m a k tʃ ui,a + n i + Σ + m a k + tʃ ui,dialect_var,,,Kanshouwa2026KhoirentakKom,nopage,komkhoirentak
komkhoirentak208,hmu,2.pl.1.pl.excl.nfut.neg,ei-hmu-mak-chui,ei-Σ-mak-chui,ei+Σ+mak+chui,ei Σ m a k tʃ ui,ei + Σ + m a k + tʃ ui,unspecified,,,Kanshouwa2026KhoirentakKom,nopage,komkhoirentak
komkhoirentak209,hmu,2.pl.1.pl.excl.nfut.neg,a-hmu-mak-chui,a-Σ-mak-chui,a+Σ+mak+chui,a Σ m a k tʃ ui,a + Σ + m a k + tʃ ui,dialect_var,,,Kanshouwa2026KhoirentakKom,nopage,komkhoirentak
komkhoirentak210,hmu,2.pl.1.pl.excl.nfut.neg,ani-hmu-mak-chui,ani-Σ-mak-chui,a+ni+Σ+mak+chui,a n i Σ m a k tʃ ui,a + n i + Σ + m a k + tʃ ui,dialect_var,,,Kanshouwa2026KhoirentakKom,nopage,komkhoirentak
komkhoirentak211,hmu,2.sg.3.sg.nfut.neg,hmu-mak-che,Σ-mak-che,Σ+mak+che,Σ m a k tʃ e,Σ + m a k + tʃ e,unspecified,,,Kanshouwa2026KhoirentakKom,nopage,komkhoirentak
komkhoirentak212,hmu,2.sg.3.pl.nfut.neg,hmu-mak-hei-che,Σ-mak-hei-che,Σ+mak+hei+che,Σ m a k h ei tʃ e,Σ + m a k + h ei + tʃ e,unspecified,,,Kanshouwa2026KhoirentakKom,nopage,komkhoirentak
komkhoirentak213,hmu,2.pl.3.sg.nfut.neg,hmu-mak-chui,Σ-mak-chui,Σ+mak+chui,Σ m a k tʃ ui,Σ + m a k + tʃ ui,unspecified,,,Kanshouwa2026KhoirentakKom,nopage,komkhoirentak
komkhoirentak214,hmu,2.pl.3.pl.nfut.neg,hmu-mak-hei-chui,Σ-mak-hei-chui,Σ+mak+hei+chui,Σ m a k h ei tʃ ui,Σ + m a k + h ei + tʃ ui,unspecified,,,Kanshouwa2026KhoirentakKom,nopage,komkhoirentak
komkhoirentak215,se,3.sg.nfut.neg,se-mak,Σ-mak,Σ+mak,Σ m a k,Σ + m a k,unspecified,,,Kanshouwa2026KhoirentakKom,nopage,komkhoirentak
komkhoirentak216,se,3.pl.nfut.neg,se-mak-hei,Σ-mak-hei,Σ+mak+hei,Σ m a k h ei,Σ + m a k + h ei,unspecified,,,Kanshouwa2026KhoirentakKom,nopage,komkhoirentak
komkhoirentak217,hmu,3.sg.1.sg.nfut.neg,a-hmu-mak,a-Σ-mak,a+Σ+mak,a Σ m a k,a + Σ + m a k,unspecified,,,Kanshouwa2026KhoirentakKom,nopage,komkhoirentak
komkhoirentak218,hmu,3.sg.1.sg.nfut.neg,ei-hmu-mak,ei-Σ-mak,ei+Σ+mak,ei Σ m a k,ei + Σ + m a k,dialect_var,,,Kanshouwa2026KhoirentakKom,nopage,komkhoirentak
komkhoirentak219,hmu,3.sg.1.sg.nfut.neg,ani-hmu-mak,ani-Σ-mak,a+ni+Σ+mak,a n i Σ m a k,a + n i + Σ + m a k,dialect_var,,,Kanshouwa2026KhoirentakKom,nopage,komkhoirentak
komkhoirentak220,hmu,3.sg.1.pl.excl.nfut.neg,a-hmu-mak,a-Σ-mak,a+Σ+mak,a Σ m a k,a + Σ + m a k,dialect_var,,,Kanshouwa2026KhoirentakKom,nopage,komkhoirentak
komkhoirentak221,hmu,3.sg.1.pl.excl.nfut.neg,ei-hmu-mak,ei-Σ-mak,ei+Σ+mak,ei Σ m a k,ei + Σ + m a k,unspecified,,,Kanshouwa2026KhoirentakKom,nopage,komkhoirentak
komkhoirentak222,hmu,3.sg.1.pl.excl.nfut.neg,ani-hmu-mak,ani-Σ-mak,a+ni+Σ+mak,a n i Σ m a k,a + n i + Σ + m a k,dialect_var,,,Kanshouwa2026KhoirentakKom,nopage,komkhoirentak
komkhoirentak223,hmu,3.sg.1.pl.incl.nfut.neg,ei-hmu-mak,ei-Σ-mak,ei+Σ+mak,ei Σ m a k,ei + Σ + m a k,unspecified,,,Kanshouwa2026KhoirentakKom,nopage,komkhoirentak
komkhoirentak224,hmu,3.sg.1.pl.incl.nfut.neg,a-hmu-mak,a-Σ-mak,a+Σ+mak,a Σ m a k,a + Σ + m a k,dialect_var,,,Kanshouwa2026KhoirentakKom,nopage,komkhoirentak
komkhoirentak225,hmu,3.sg.1.pl.incl.nfut.neg,ani-hmu-mak,ani-Σ-mak,a+ni+Σ+mak,a n i Σ m a k,a + n i + Σ + m a k,dialect_var,,,Kanshouwa2026KhoirentakKom,nopage,komkhoirentak
komkhoirentak226,hmu,3.pl.1.sg.nfut.neg,a-hmu-mak-hei,a-Σ-mak-hei,a+Σ+mak+hei,a Σ m a k h ei,a + Σ + m a k + h ei,unspecified,,,Kanshouwa2026KhoirentakKom,nopage,komkhoirentak
komkhoirentak227,hmu,3.pl.1.sg.nfut.neg,ei-hmu-mak-hei,ei-Σ-mak-hei,ei+Σ+mak+hei,ei Σ m a k h ei,ei + Σ + m a k + h ei,dialect_var,,,Kanshouwa2026KhoirentakKom,nopage,komkhoirentak
komkhoirentak228,hmu,3.pl.1.sg.nfut.neg,ani-hmu-mak-hei,ani-Σ-mak-hei,a+ni+Σ+mak+hei,a n i Σ m a k h ei,a + n i + Σ + m a k + h ei,dialect_var,,,Kanshouwa2026KhoirentakKom,nopage,komkhoirentak
komkhoirentak229,hmu,3.pl.1.pl.excl.nfut.neg,ei-hmu-mak-hei,ei-Σ-mak-hei,ei+Σ+mak+hei,ei Σ m a k h ei,ei + Σ + m a k + h ei,unspecified,,,Kanshouwa2026KhoirentakKom,nopage,komkhoirentak
komkhoirentak230,hmu,3.pl.1.pl.excl.nfut.neg,a-hmu-mak-hei,a-Σ-mak-hei,a+Σ+mak+hei,a Σ m a k h ei,a + Σ + m a k + h ei,dialect_var,,,Kanshouwa2026KhoirentakKom,nopage,komkhoirentak
komkhoirentak231,hmu,3.pl.1.pl.excl.nfut.neg,ani-hmu-mak-hei,ani-Σ-mak-hei,a+ni+Σ+mak+hei,a n i Σ m a k h ei,a + n i + Σ + m a k + h ei,dialect_var,,,Kanshouwa2026KhoirentakKom,nopage,komkhoirentak
komkhoirentak232,hmu,3.pl.1.pl.incl.nfut.neg,a-hmu-mak-hei,a-Σ-mak-hei,a+Σ+mak+hei,a Σ m a k h ei,a + Σ + m a k + h ei,dialect_var,,,Kanshouwa2026KhoirentakKom,nopage,komkhoirentak
komkhoirentak233,hmu,3.pl.1.pl.incl.nfut.neg,ei-hmu-mak-hei,ei-Σ-mak-hei,ei+Σ+mak+hei,ei Σ m a k h ei,ei + Σ + m a k + h ei,unspecified,,,Kanshouwa2026KhoirentakKom,nopage,komkhoirentak
komkhoirentak234,hmu,3.pl.1.pl.incl.nfut.neg,ani-hmu-mak-hei,ani-Σ-mak-hei,a+ni+Σ+mak+hei,a n i Σ m a k h ei,a + n i + Σ + m a k + h ei,dialect_var,,,Kanshouwa2026KhoirentakKom,nopage,komkhoirentak
komkhoirentak235,hmu,3.sg.2.sg.nfut.neg,hmu-mak-che,Σ-mak-che,Σ+mak+che,Σ m a k tʃ e,Σ + m a k + tʃ e,unspecified,,,Kanshouwa2026KhoirentakKom,nopage,komkhoirentak
komkhoirentak236,hmu,3.sg.2.pl.nfut.neg,hmu-mak-chui,Σ-mak-chui,Σ+mak+chui,Σ m a k tʃ ui,Σ + m a k + tʃ ui,unspecified,,,Kanshouwa2026KhoirentakKom,nopage,komkhoirentak
komkhoirentak237,hmu,3.pl.2.sg.nfut.neg,hmu-mak-hei-che,Σ-mak-hei-che,Σ+mak+hei+che,Σ m a k h ei tʃ e,Σ + m a k + h ei + tʃ e,unspecified,,,Kanshouwa2026KhoirentakKom,nopage,komkhoirentak
komkhoirentak238,hmu,3.pl.2.sg.nfut.neg,hmu-mak-che,Σ-mak-che,Σ+mak+che,Σ m a k tʃ e,Σ + m a k + tʃ e,unspecified,optional_plural,,Kanshouwa2026KhoirentakKom,nopage,komkhoirentak
komkhoirentak239,hmu,3.pl.2.pl.nfut.neg,hmu-mak-hei-chui,Σ-mak-hei-chui,Σ+mak+hei+chui,Σ m a k h ei tʃ ui,Σ + m a k + h ei + tʃ ui,unspecified,,,Kanshouwa2026KhoirentakKom,nopage,komkhoirentak
komkhoirentak240,hmu,3.pl.2.pl.nfut.neg,hmu-mak-chui,Σ-mak-chui,Σ+mak+chui,Σ m a k tʃ ui,Σ + m a k + tʃ ui,unspecified,optional_plural,,Kanshouwa2026KhoirentakKom,nopage,komkhoirentak
komkhoirentak241,hmu,3.sg.3.sg.nfut.neg,hmu-mak,Σ-mak,Σ+mak,Σ m a k,Σ + m a k,unspecified,,,Kanshouwa2026KhoirentakKom,nopage,komkhoirentak
komkhoirentak242,hmu,3.sg.3.pl.nfut.neg,hmu-mak-hei,Σ-mak-hei,Σ+mak+hei,Σ m a k h ei,Σ + m a k + h ei,unspecified,,,Kanshouwa2026KhoirentakKom,nopage,komkhoirentak
komkhoirentak243,hmu,3.pl.3.sg.nfut.neg,hmu-mak-hei,Σ-mak-hei,Σ+mak+hei,Σ m a k h ei,Σ + m a k + h ei,unspecified,,,Kanshouwa2026KhoirentakKom,nopage,komkhoirentak
komkhoirentak244,hmu,3.pl.3.pl.nfut.neg,hmu-mak-hei,Σ-mak-hei,Σ+mak+hei,Σ m a k h ei,Σ + m a k + h ei,unspecified,,,Kanshouwa2026KhoirentakKom,nopage,komkhoirentak
